Marketing Programm;Partner-/Kundenummer
Frischer Fisch 2018, , Frischer Fisch 2020, ;61402344
Goldfisch 2018, Goldfisch 2019, , Silberfisch 2021;61403178
Frischer Fisch 2018, Frischer Fisch 2019, Frischer Fisch 2020, ;61403813
Goldfisch 2018, Goldfisch 2019, Goldfisch 2020, ;61404177
Frischer Fisch 2018, , , ;61403243
Silberfisch 2018, , , ;61404245
Goldfisch 2018, Goldfisch 2019, Goldfisch 2020, Goldfisch 2021;61404291
Frischer Fisch 2018, , , ;61403348
Frischer Fisch 2018, , , ;61403546
Frischer Fisch 2018, Gruener Fisch 2019, , ;61403696
Frischer Fisch 2018, , , Frischer Fisch 2021;61403769
Frischer Fisch 2018, , , Frischer Fisch 2021;61402292
Frischer Fisch 2018, Frischer Fisch 2019, , ;61401886
Gruener Fisch 2018, , , ;61402048
Frischer Fisch 2018, Frischer Fisch 2019, Silberfisch 2020, ;61402482
Frischer Fisch 2018, , , ;61403851
Frischer Fisch 2018, Gruener Fisch 2019, Gruener Fisch 2020, Silberfisch 2021;61401953
Goldfisch 2018, , , ;61403038
Frischer Fisch 2018, Gruener Fisch 2019, Gruener Fisch 2020, ;61403643
Frischer Fisch 2018, , , ;61403545
Frischer Fisch 2018, , , ;61403703
Gruener Fisch 2018, Gruener Fisch 2019, Silberfisch 2020, Frischer Fisch 2021;61402664
Goldfisch 2018, Gruener Fisch 2019, Gruener Fisch 2020, ;61403365
Frischer Fisch 2018, Frischer Fisch 2019, Gruener Fisch 2020, ;61403460
Frischer Fisch 2018, , , ;61403580
Frischer Fisch 2018, Gruener Fisch 2019, , ;61403672
Frischer Fisch 2018, Frischer Fisch 2019, , ;61403756
Frischer Fisch 2018, , , ;61401237
Silberfisch 2018, Silberfisch 2019, , ;61402302
Frischer Fisch 2018, Silberfisch 2019, Silberfisch 2020, Gruener Fisch 2021;61402897
Frischer Fisch 2018, , , ;61402965
Gruener Fisch 2018, Gruener Fisch 2019, Silberfisch 2020, ;61403428
Frischer Fisch 2018, , , Frischer Fisch 2021;61403608
Frischer Fisch 2018, Frischer Fisch 2019, Gruener Fisch 2020, Gruener Fisch 2021;61403646
Frischer Fisch 2018, , , ;61401755
Frischer Fisch 2018, Frischer Fisch 2019, , Silberfisch 2021;61403615
Goldfisch 2018, , , ;61401124
Gruener Fisch 2018, , , ;61401374
Frischer Fisch 2018, Frischer Fisch 2019, , ;61403827
Goldfisch 2018, , , ;61401802
Silberfisch 2018, , , Silberfisch 2021;61402436
Silberfisch 2018, , , ;61401216
Frischer Fisch 2018, , , ;61403673
Goldfisch 2018, , , ;61404212
Frischer Fisch 2018, , Silberfisch 2020, Gruener Fisch 2021;61401653
Gruener Fisch 2018, Frischer Fisch 2019, Frischer Fisch 2020, Frischer Fisch 2021;61402666
Frischer Fisch 2018, , , ;61402028
Gruener Fisch 2018, Gruener Fisch 2019, , Goldfisch 2021;61402529
Frischer Fisch 2018, Gruener Fisch 2019, , Gruener Fisch 2021;61403583
Frischer Fisch 2018, Gruener Fisch 2019, , ;61403530
Frischer Fisch 2018, Gruener Fisch 2019, Gruener Fisch 2020, Silberfisch 2021;61403719
Frischer Fisch 2018, , , ;61401917
Silberfisch 2018, Silberfisch 2019, , ;61402413
Frischer Fisch 2018, , , ;61402521
Frischer Fisch 2018, , , ;61402651
Gruener Fisch 2018, Gruener Fisch 2019, , ;61402671
Silberfisch 2018, , , ;61401537
Gruener Fisch 2018, Frischer Fisch 2019, , ;61403404
Gruener Fisch 2018, Frischer Fisch 2019, Frischer Fisch 2020, ;61403683
Silberfisch 2018, , , ;61401954
Silberfisch 2018, Gruener Fisch 2019, Gruener Fisch 2020, Gruengoldfisch 2021;61402446
Gruener Fisch 2018, , Gruener Fisch 2020, Goldfisch 2021;61402597
Gruener Fisch 2018, , , ;61402697
Silberfisch 2018, , , Goldfisch 2021;61401207
Frischer Fisch 2018, Frischer Fisch 2019, , ;61403675
Silberfisch 2018, , , Gruengoldfisch 2021;61402654
Frischer Fisch 2018, , , ;61403533
Frischer Fisch 2018, , , Gruener Fisch 2021;61403584
Frischer Fisch 2018, Frischer Fisch 2019, , ;61403700
Frischer Fisch 2018, , Frischer Fisch 2020, ;61403810
Frischer Fisch 2018, , , ;61404134
Frischer Fisch 2018, Gruener Fisch 2019, Silberfisch 2020, ;61403234
Frischer Fisch 2018, , Frischer Fisch 2020, Frischer Fisch 2021;61403422
Frischer Fisch 2018, Gruener Fisch 2019, , ;61403452
Silberfisch 2018, Silberfisch 2019, , ;61401476
Silberfisch 2018, , , ;61402149
Frischer Fisch 2018, , Gruener Fisch 2020, Silberfisch 2021;61220134
Gruener Fisch 2018, Gruener Fisch 2019, , Gruengoldfisch 2021;61100276
Frischer Fisch 2018, , , ;61250059
Frischer Fisch 2018, Frischer Fisch 2019, , ;61101118
Frischer Fisch 2018, , Frischer Fisch 2020, ;61303835
Silberfisch 2018, , , ;61100901
Frischer Fisch 2018, Frischer Fisch 2019, Gruener Fisch 2020, ;61102441
Frischer Fisch 2018, , , ;61100971
Frischer Fisch 2018, , , ;61150059
Silberfisch 2018, , , ;61280129
Silberfisch 2018, , , Gruengoldfisch 2021;61302266
Goldfisch 2018, , , ;61300001
Gruener Fisch 2018, Gruener Fisch 2019, Gruener Fisch 2020, ;61320025
Gruener Fisch 2018, Gruener Fisch 2019, , ;61101218
Silberfisch 2018, Gruener Fisch 2019, , ;61103927
Gruener Fisch 2018, Silberfisch 2019, , ;61210198
Gruener Fisch 2018, , , Goldfisch 2021;61236723
Gruener Fisch 2018, , , ;61101754
Frischer Fisch 2018, Silberfisch 2019, , Gruener Fisch 2021;61102934
Gruener Fisch 2018, , , ;61104351
Silberfisch 2018, , , Goldfisch 2021;61300035
Goldfisch 2018, Goldfisch 2019, , Goldfisch 2021;61120036
Silberfisch 2018, Silberfisch 2019, Silberfisch 2020, Gruengoldfisch 2021;61303725
Frischer Fisch 2018, Silberfisch 2019, , ;61140015
Frischer Fisch 2018, , , ;61303014
Frischer Fisch 2018, , , ;61180101
Silberfisch 2018, Gruener Fisch 2019, , ;61210449
Frischer Fisch 2018, , Silberfisch 2020, Silberfisch 2021;61303053
Silberfisch 2018, , , ;61302657
Silberfisch 2018, , , Gruengoldfisch 2021;61303962
Frischer Fisch 2018, , , ;61310138
Goldfisch 2018, , Frischer Fisch 2020, ;61220052
Goldfisch 2018, Goldfisch 2019, Goldfisch 2020, Goldfisch 2021;61102973
Silberfisch 2018, Gruener Fisch 2019, Silberfisch 2020, Gruener Fisch 2021;61302846
Gruener Fisch 2018, , , Gruengoldfisch 2021;61340019
Gruener Fisch 2018, , Frischer Fisch 2020, ;61140115
Frischer Fisch 2018, , , ;61305511
Gruener Fisch 2018, Gruener Fisch 2019, Silberfisch 2020, Gruengoldfisch 2021;61160076
Silberfisch 2018, , Silberfisch 2020, ;61303378
Goldfisch 2018, Goldfisch 2019, , Frischer Fisch 2021;61303150
Silberfisch 2018, Silberfisch 2019, , ;61230182
Silberfisch 2018, , , Silberfisch 2021;61320009
Gruener Fisch 2018, , , ;61103079
Frischer Fisch 2018, Frischer Fisch 2019, , ;61120254
Silberfisch 2018, , , ;61103638
Gruener Fisch 2018, , Silberfisch 2020, ;61260084
Goldfisch 2018, Goldfisch 2019, Goldfisch 2020, Goldfisch 2021;61305465
Frischer Fisch 2018, , , ;61300233
Frischer Fisch 2018, , Frischer Fisch 2020, Silberfisch 2021;61100595
Frischer Fisch 2018, , , ;61302576
Frischer Fisch 2018, , , ;61170083
Goldfisch 2018, Goldfisch 2019, , ;61140056
Goldfisch 2018, Goldfisch 2019, Goldfisch 2020, ;61220115
Silberfisch 2018, , , ;61350060
Goldfisch 2018, Goldfisch 2019, Goldfisch 2020, ;61350002
Goldfisch 2018, Goldfisch 2019, , Goldfisch 2021;61303127
Frischer Fisch 2018, , , ;61170259
Silberfisch 2018, , , ;61180324
Goldfisch 2018, Goldfisch 2019, Goldfisch 2020, ;61101836
Frischer Fisch 2018, , , ;61102122
Gruener Fisch 2018, Gruener Fisch 2019, , Gruengoldfisch 2021;61180043
Frischer Fisch 2018, , , ;61305543
Silberfisch 2018, Gruener Fisch 2019, Gruener Fisch 2020, ;61180055
Frischer Fisch 2018, , , ;61220116
Goldfisch 2018, Goldfisch 2019, , Silberfisch 2021;61120213
Frischer Fisch 2018, , , ;61150034
Gruener Fisch 2018, , , ;61100630
Gruener Fisch 2018, , , ;61120009
Frischer Fisch 2018, Frischer Fisch 2019, , ;61104182
Gruener Fisch 2018, , , ;61627176
Frischer Fisch 2018, , , ;61350174
Silberfisch 2018, , Gruener Fisch 2020, Gruener Fisch 2021;61302498
Frischer Fisch 2018, , , ;61180103
Goldfisch 2018, Goldfisch 2019, , ;61303115
Silberfisch 2018, Silberfisch 2019, Silberfisch 2020, Silberfisch 2021;61250058
Silberfisch 2018, , , ;61120360
Frischer Fisch 2018, , , Silberfisch 2021;61303961
Silberfisch 2018, Gruener Fisch 2019, , Gruengoldfisch 2021;61102890
Frischer Fisch 2018, , , ;61170009
Frischer Fisch 2018, , , ;61308823
Silberfisch 2018, , , ;61302130
Frischer Fisch 2018, Gruener Fisch 2019, Frischer Fisch 2020, Silberfisch 2021;61210323
Frischer Fisch 2018, , Gruener Fisch 2020, ;61302911
Gruener Fisch 2018, Silberfisch 2019, , ;61102752
Gruener Fisch 2018, Gruener Fisch 2019, Gruener Fisch 2020, Silberfisch 2021;61104152
Gruener Fisch 2018, Gruener Fisch 2019, Silberfisch 2020, Gruengoldfisch 2021;61310062
Silberfisch 2018, Gruener Fisch 2019, Gruener Fisch 2020, Goldfisch 2021;61305144
Silberfisch 2018, Gruener Fisch 2019, , ;61302825
Silberfisch 2018, Silberfisch 2019, , ;61170058
Goldfisch 2018, Goldfisch 2019, Goldfisch 2020, ;61170215
Goldfisch 2018, Goldfisch 2019, Goldfisch 2020, Goldfisch 2021;61303802
Silberfisch 2018, Gruener Fisch 2019, , ;61305740
Frischer Fisch 2018, , , ;61340005
Silberfisch 2018, Silberfisch 2019, , ;61104315
Frischer Fisch 2018, , , ;61305902
Silberfisch 2018, , , ;61302480
Silberfisch 2018, , , ;61302739
Goldfisch 2018, Goldfisch 2019, Goldfisch 2020, ;61350090
Frischer Fisch 2018, , , ;61305315
Frischer Fisch 2018, , , ;61310125
Gruener Fisch 2018, Gruener Fisch 2019, , ;61302037
Goldfisch 2018, , , ;61101321
Frischer Fisch 2018, Gruener Fisch 2019, Silberfisch 2020, Gruener Fisch 2021;61104501
Frischer Fisch 2018, Goldfisch 2019, , ;61290176
Silberfisch 2018, Silberfisch 2019, , ;61104072
Frischer Fisch 2018, Silberfisch 2019, Silberfisch 2020, Silberfisch 2021;61180255
Gruener Fisch 2018, , Silberfisch 2020, Silberfisch 2021;61210199
Frischer Fisch 2018, Silberfisch 2019, Silberfisch 2020, ;61350031
Frischer Fisch 2018, , Frischer Fisch 2020, ;61150083
Gruener Fisch 2018, , , ;61260013
Goldfisch 2018, Goldfisch 2019, , Gruengoldfisch 2021;61100575
Silberfisch 2018, , , ;61302778
Frischer Fisch 2018, , Frischer Fisch 2020, Goldfisch 2021;61120277
Silberfisch 2018, Gruener Fisch 2019, , ;61120049
Goldfisch 2018, , , ;61304043
Silberfisch 2018, , , ;61104183
Gruener Fisch 2018, Gruener Fisch 2019, Gruener Fisch 2020, Silberfisch 2021;61305444
Frischer Fisch 2018, , , ;61230119
Silberfisch 2018, , , ;61302428
Gruener Fisch 2018, , , ;61305996
Goldfisch 2018, Goldfisch 2019, , ;61103182
Frischer Fisch 2018, , , ;61303642
Silberfisch 2018, Silberfisch 2019, , ;61103897
Frischer Fisch 2018, , , ;61101007
Frischer Fisch 2018, , Frischer Fisch 2020, ;61210371
Silberfisch 2018, , , ;61300321
Gruener Fisch 2018, , Silberfisch 2020, ;61240021
Goldfisch 2018, , , ;61340045
Gruener Fisch 2018, , , ;61120152
Silberfisch 2018, , Silberfisch 2020, ;61103076
Silberfisch 2018, Silberfisch 2019, Silberfisch 2020, ;61210032
Gruener Fisch 2018, , , ;61100368
Frischer Fisch 2018, Frischer Fisch 2019, Frischer Fisch 2020, Silberfisch 2021;61350123
Frischer Fisch 2018, Frischer Fisch 2019, , ;61305855
Frischer Fisch 2018, Silberfisch 2019, Gruener Fisch 2020, Silberfisch 2021;61101742
Silberfisch 2018, , , ;61302793
Frischer Fisch 2018, , , ;61103440
Silberfisch 2018, Silberfisch 2019, , ;61104267
Silberfisch 2018, , , ;61302494
Frischer Fisch 2018, , , ;61350053
Silberfisch 2018, Gruener Fisch 2019, , ;61180115
Frischer Fisch 2018, , Frischer Fisch 2020, Silberfisch 2021;61320018
Goldfisch 2018, Goldfisch 2019, Goldfisch 2020, Goldfisch 2021;61104531
Frischer Fisch 2018, , Silberfisch 2020, ;61303515
Gruener Fisch 2018, Silberfisch 2019, , ;61120012
Silberfisch 2018, , Silberfisch 2020, Goldfisch 2021;61350013
Frischer Fisch 2018, , , ;61305807
Silberfisch 2018, Gruener Fisch 2019, Gruener Fisch 2020, ;61304816
Silberfisch 2018, Gruener Fisch 2019, Gruener Fisch 2020, ;61210034
Frischer Fisch 2018, , , ;61305130
Frischer Fisch 2018, , , ;61210004
Frischer Fisch 2018, , Frischer Fisch 2020, ;61380038
Silberfisch 2018, , , ;61230033
Frischer Fisch 2018, , , ;61180210
Goldfisch 2018, Goldfisch 2019, Goldfisch 2020, Goldfisch 2021;61160046
Silberfisch 2018, , , ;61302135
Silberfisch 2018, Silberfisch 2019, , ;61101850
Frischer Fisch 2018, , , ;61310023
Frischer Fisch 2018, , Gruener Fisch 2020, Gruener Fisch 2021;61100646
Frischer Fisch 2018, , , ;61304568
Gruener Fisch 2018, , , ;61102490
Gruener Fisch 2018, Gruener Fisch 2019, , ;61200056
Frischer Fisch 2018, Frischer Fisch 2019, , Gruengoldfisch 2021;61240035
Silberfisch 2018, , , Gruengoldfisch 2021;61102088
Frischer Fisch 2018, Frischer Fisch 2019, , ;61102074
Frischer Fisch 2018, Silberfisch 2019, , ;61350117
Silberfisch 2018, , , ;61280253
Gruener Fisch 2018, , , ;61304554
Silberfisch 2018, Silberfisch 2019, , ;61300257
Gruener Fisch 2018, , , ;61100551
Frischer Fisch 2018, Frischer Fisch 2019, , Silberfisch 2021;61121762
Silberfisch 2018, , , ;61302789
Gruener Fisch 2018, Gruener Fisch 2019, , ;61120020
Frischer Fisch 2018, , , ;61150048
Silberfisch 2018, , , ;61102190
Frischer Fisch 2018, Silberfisch 2019, , Silberfisch 2021;61280083
Frischer Fisch 2018, Frischer Fisch 2019, Silberfisch 2020, Gruengoldfisch 2021;61103221
Gruener Fisch 2018, , , Gruengoldfisch 2021;61102344
Silberfisch 2018, Gruener Fisch 2019, , ;61120147
Gruener Fisch 2018, Gruener Fisch 2019, Gruener Fisch 2020, ;61101845
Frischer Fisch 2018, , Frischer Fisch 2020, ;61103233
Frischer Fisch 2018, , , ;61160163
Silberfisch 2018, , , Silberfisch 2021;61100872
Silberfisch 2018, , , ;61302113
Frischer Fisch 2018, , Frischer Fisch 2020, ;61308009
Silberfisch 2018, Silberfisch 2019, , ;61104418
Silberfisch 2018, , Gruener Fisch 2020, Gruener Fisch 2021;61180079
Silberfisch 2018, , , ;61210015
Gruener Fisch 2018, Goldfisch 2019, Goldfisch 2020, Gruengoldfisch 2021;61102999
Frischer Fisch 2018, , Frischer Fisch 2020, Frischer Fisch 2021;61302012
Gruener Fisch 2018, , , ;61102011
Silberfisch 2018, , , ;61305171
Gruener Fisch 2018, , Silberfisch 2020, ;61102429
Goldfisch 2018, , , ;61627565
Goldfisch 2018, Goldfisch 2019, , ;61160024
Frischer Fisch 2018, , , ;61104087
Gruener Fisch 2018, Frischer Fisch 2019, Gruener Fisch 2020, ;61350051
Gruener Fisch 2018, Gruener Fisch 2019, , ;61303695
Silberfisch 2018, Silberfisch 2019, , Gruengoldfisch 2021;61210109
Silberfisch 2018, Silberfisch 2019, Silberfisch 2020, ;61100283
Frischer Fisch 2018, , , ;61220126
Gruener Fisch 2018, , , ;61160058
Silberfisch 2018, Silberfisch 2019, , ;61303429
Silberfisch 2018, , , Gruener Fisch 2021;61350004
Frischer Fisch 2018, , , ;61104113
Silberfisch 2018, , , ;61302418
Gruener Fisch 2018, , , ;61102273
Frischer Fisch 2018, Gruener Fisch 2019, , ;61305528
Frischer Fisch 2018, Silberfisch 2019, Gruener Fisch 2020, ;61280164
Goldfisch 2018, Goldfisch 2019, , ;61104416
Goldfisch 2018, Goldfisch 2019, Goldfisch 2020, Gruengoldfisch 2021;61306055
Frischer Fisch 2018, , , ;61305181
Silberfisch 2018, , , ;61302872
Frischer Fisch 2018, , , ;61303101
Frischer Fisch 2018, Gruener Fisch 2019, , Silberfisch 2021;61110071
Gruener Fisch 2018, Silberfisch 2019, Gruener Fisch 2020, ;61104533
Frischer Fisch 2018, , , ;61102371
Gruener Fisch 2018, Gruener Fisch 2019, Gruener Fisch 2020, Gruener Fisch 2021;61120091
Silberfisch 2018, Gruener Fisch 2019, , ;61140007
Gruener Fisch 2018, , , ;61102822
Frischer Fisch 2018, , , Silberfisch 2021;61120081
Gruener Fisch 2018, , Gruener Fisch 2020, ;61120059
Silberfisch 2018, , , ;61101969
Silberfisch 2018, , , ;61340017
Frischer Fisch 2018, Silberfisch 2019, , ;61320096
Frischer Fisch 2018, , , ;61121770
Frischer Fisch 2018, Gruener Fisch 2019, Silberfisch 2020, Gruengoldfisch 2021;61103080
Silberfisch 2018, , , ;61102918
Silberfisch 2018, , , ;61302782
Frischer Fisch 2018, Frischer Fisch 2019, , ;61306073
Gruener Fisch 2018, Gruener Fisch 2019, , ;61303061
Goldfisch 2018, , , Goldfisch 2021;61160143
Silberfisch 2018, Silberfisch 2019, , ;61302979
Silberfisch 2018, , , ;61200009
Gruener Fisch 2018, Gruener Fisch 2019, Gruener Fisch 2020, ;61300045
Frischer Fisch 2018, , , ;61102765
Gruener Fisch 2018, Gruener Fisch 2019, , ;61350172
Frischer Fisch 2018, , Silberfisch 2020, Frischer Fisch 2021;61304545
Frischer Fisch 2018, , , ;61103857
Gruener Fisch 2018, Gruener Fisch 2019, Gruener Fisch 2020, Gruengoldfisch 2021;61160164
Goldfisch 2018, Goldfisch 2019, Goldfisch 2020, ;61102360
Gruener Fisch 2018, , , ;61304546
Silberfisch 2018, Silberfisch 2019, , ;61104445
Silberfisch 2018, Silberfisch 2019, , ;61305154
Silberfisch 2018, , , ;61300051
Silberfisch 2018, , , ;61230057
Silberfisch 2018, Silberfisch 2019, Silberfisch 2020, Gruengoldfisch 2021;61305920
Silberfisch 2018, , , Gruengoldfisch 2021;61302711
Frischer Fisch 2018, , , ;61304525
Silberfisch 2018, , , ;61210043
Silberfisch 2018, Gruener Fisch 2019, , ;61302308
Frischer Fisch 2018, Gruener Fisch 2019, , Silberfisch 2021;61350134
Silberfisch 2018, Gruener Fisch 2019, , ;61302270
Silberfisch 2018, , , ;61101158
Silberfisch 2018, , , ;61302371
Goldfisch 2018, Frischer Fisch 2019, Silberfisch 2020, ;61100352
Frischer Fisch 2018, , , ;61104509
Silberfisch 2018, , , ;61200004
Frischer Fisch 2018, Frischer Fisch 2019, Frischer Fisch 2020, ;61304521
Frischer Fisch 2018, , , ;61305320
Silberfisch 2018, , , ;61101388
Gruener Fisch 2018, , , ;61100552
Goldfisch 2018, , , Silberfisch 2021;61304832
Silberfisch 2018, Silberfisch 2019, Silberfisch 2020, Gruengoldfisch 2021;61160041
Goldfisch 2018, , , ;61350151
Goldfisch 2018, Goldfisch 2019, , ;61300224
Frischer Fisch 2018, , , ;61210138
Silberfisch 2018, Silberfisch 2019, , ;61100843
Silberfisch 2018, , , ;61633601
Silberfisch 2018, , , Silberfisch 2021;61302910
Silberfisch 2018, , , ;61160070
Silberfisch 2018, Gruener Fisch 2019, , ;61302319
Silberfisch 2018, , Silberfisch 2020, ;61302866
Silberfisch 2018, , , ;61103974
Frischer Fisch 2018, , Silberfisch 2020, ;61180023
Frischer Fisch 2018, , , ;61280205
Silberfisch 2018, , , ;61303621
Gruener Fisch 2018, Silberfisch 2019, Silberfisch 2020, ;61102922
Frischer Fisch 2018, Silberfisch 2019, , ;61180303
Silberfisch 2018, Silberfisch 2019, , ;61180447
Silberfisch 2018, , , ;61102768
Gruener Fisch 2018, Gruener Fisch 2019, Silberfisch 2020, ;61280239
Frischer Fisch 2018, , , ;61302865
Frischer Fisch 2018, , , ;61290036
Silberfisch 2018, , , ;61220002
Frischer Fisch 2018, Frischer Fisch 2019, , ;61380034
Frischer Fisch 2018, Gruener Fisch 2019, , Silberfisch 2021;61303314
Gruener Fisch 2018, Gruener Fisch 2019, Silberfisch 2020, Gruener Fisch 2021;61303262
Silberfisch 2018, Silberfisch 2019, , ;61100231
Goldfisch 2018, Goldfisch 2019, Goldfisch 2020, ;61150011
Goldfisch 2018, , , ;61100936
Silberfisch 2018, , , ;61210445
Silberfisch 2018, , Silberfisch 2020, Gruengoldfisch 2021;61100669
Gruener Fisch 2018, , , ;61150024
Silberfisch 2018, Silberfisch 2019, , ;61305547
Silberfisch 2018, Gruener Fisch 2019, Silberfisch 2020, Gruener Fisch 2021;61210313
Silberfisch 2018, , , ;61302409
Gruener Fisch 2018, Gruener Fisch 2019, Gruener Fisch 2020, ;61160254
Silberfisch 2018, , , ;61120132
Silberfisch 2018, Gruener Fisch 2019, , Goldfisch 2021;61180454
Gruener Fisch 2018, , , Gruengoldfisch 2021;61210584
Frischer Fisch 2018, , , Frischer Fisch 2021;61210102
Gruener Fisch 2018, Silberfisch 2019, , Gruener Fisch 2021;61100987
Frischer Fisch 2018, , , ;61304528
Silberfisch 2018, Silberfisch 2019, , Silberfisch 2021;61103730
Gruener Fisch 2018, , , Gruengoldfisch 2021;61236672
Silberfisch 2018, , , ;61120067
Silberfisch 2018, , , ;61633167
Silberfisch 2018, , , ;61302730
Goldfisch 2018, Goldfisch 2019, Goldfisch 2020, Goldfisch 2021;61150087
Silberfisch 2018, , , ;61103420
Frischer Fisch 2018, , , ;61150003
Gruener Fisch 2018, Gruener Fisch 2019, , ;61102872
Frischer Fisch 2018, , , ;61220011
Silberfisch 2018, Gruener Fisch 2019, , ;61300265
Silberfisch 2018, Silberfisch 2019, Gruener Fisch 2020, ;61300094
Silberfisch 2018, Gruener Fisch 2019, , ;61302997
Frischer Fisch 2018, , , Frischer Fisch 2021;61300221
Silberfisch 2018, Gruener Fisch 2019, , ;61220091
Goldfisch 2018, Goldfisch 2019, Goldfisch 2020, ;61305577
Gruener Fisch 2018, Gruener Fisch 2019, Frischer Fisch 2020, Silberfisch 2021;61305612
Frischer Fisch 2018, , , ;61180135
Gruener Fisch 2018, Gruener Fisch 2019, Gruener Fisch 2020, Gruener Fisch 2021;61120055
Silberfisch 2018, Silberfisch 2019, , ;61100944
, Gruener Fisch 2019, , ;61403689
, Gruener Fisch 2019, , ;61403936
, Gruener Fisch 2019, Gruener Fisch 2020, ;61403963
, Gruener Fisch 2019, , Gruengoldfisch 2021;61403993
, Frischer Fisch 2019, , ;61404014
, Frischer Fisch 2019, , ;61404105
, Frischer Fisch 2019, , ;61404122
, Gruener Fisch 2019, , ;61404181
, Gruener Fisch 2019, Gruener Fisch 2020, Silberfisch 2021;61404209
, Frischer Fisch 2019, Frischer Fisch 2020, ;61404223
, Frischer Fisch 2019, , ;61404241
, Frischer Fisch 2019, Gruener Fisch 2020, ;61404276
, Frischer Fisch 2019, , ;61404286
, Frischer Fisch 2019, Gruener Fisch 2020, Silberfisch 2021;61404330
, Frischer Fisch 2019, , ;61404350
, Frischer Fisch 2019, Frischer Fisch 2020, ;61404369
, Frischer Fisch 2019, , ;61404394
, Goldfisch 2019, Goldfisch 2020, ;61404404
, Frischer Fisch 2019, , Frischer Fisch 2021;61404411
, Frischer Fisch 2019, , ;61404418
, Silberfisch 2019, Frischer Fisch 2020, ;61404423
, Goldfisch 2019, , ;61404435
, Frischer Fisch 2019, , ;61404446
, Gruener Fisch 2019, Gruener Fisch 2020, ;61404463
, Gruener Fisch 2019, , ;61404478
, Frischer Fisch 2019, , ;61404486
, Frischer Fisch 2019, Gruener Fisch 2020, Frischer Fisch 2021;61404494
, Frischer Fisch 2019, , ;61404513
, Silberfisch 2019, , ;61404562
, Gruener Fisch 2019, Gruener Fisch 2020, ;61404650
, Gruener Fisch 2019, , ;61302948
, Gruener Fisch 2019, Gruener Fisch 2020, ;61302447
, Gruener Fisch 2019, , Silberfisch 2021;61404793
, Silberfisch 2019, , ;61302668
, Gruener Fisch 2019, , ;61160022
, Silberfisch 2019, , ;61302387
, Silberfisch 2019, , ;61101008
, Goldfisch 2019, Goldfisch 2020, Goldfisch 2021;61404943
, Gruener Fisch 2019, , ;61103618
, Silberfisch 2019, , ;61210112
, Gruener Fisch 2019, , ;61170163
, Gruener Fisch 2019, , ;61305410
, Silberfisch 2019, Silberfisch 2020, ;61405101
, Silberfisch 2019, Gruener Fisch 2020, Gruener Fisch 2021;61405110
, Gruener Fisch 2019, , ;61405111
, Silberfisch 2019, Silberfisch 2020, ;61100147
, Goldfisch 2019, Goldfisch 2020, ;61405135
, Silberfisch 2019, , Silberfisch 2021;61100576
, Goldfisch 2019, , ;61300307
, Silberfisch 2019, , Gruener Fisch 2021;61350076
, Gruener Fisch 2019, , Gruener Fisch 2021;61302794
, Silberfisch 2019, , Silberfisch 2021;61302717
, Silberfisch 2019, , Silberfisch 2021;61210362
, Silberfisch 2019, , ;61260165
, Gruener Fisch 2019, , ;61220013
, Frischer Fisch 2019, , ;61103444
, Gruener Fisch 2019, , Gruener Fisch 2021;61103887
, Silberfisch 2019, , ;61280018
, Gruener Fisch 2019, Gruener Fisch 2020, Gruener Fisch 2021;61100727
, Silberfisch 2019, , ;61270001
, Silberfisch 2019, , ;61302784
, Gruener Fisch 2019, , ;61280094
, Gruener Fisch 2019, , ;61302709
, Gruener Fisch 2019, Gruener Fisch 2020, Gruengoldfisch 2021;61101319
, Goldfisch 2019, , ;61101820
, Silberfisch 2019, Frischer Fisch 2020, ;61102255
, Gruener Fisch 2019, Silberfisch 2020, ;61102380
, Silberfisch 2019, , ;61104128
, Silberfisch 2019, , ;61104201
, Gruener Fisch 2019, Silberfisch 2020, Goldfisch 2021;61104217
, Frischer Fisch 2019, , ;61320044
, Frischer Fisch 2019, , Frischer Fisch 2021;61220097
, Silberfisch 2019, , ;61305701
, Gruener Fisch 2019, , ;61140031
, Silberfisch 2019, , ;61302951
, Silberfisch 2019, Frischer Fisch 2020, ;61220179
, Silberfisch 2019, , ;61340037
, Gruener Fisch 2019, , ;61260096
, Frischer Fisch 2019, , Silberfisch 2021;61305732
, Silberfisch 2019, , Silberfisch 2021;61100749
, Silberfisch 2019, , ;61310037
, Frischer Fisch 2019, Frischer Fisch 2020, ;61103359
, Gruener Fisch 2019, , ;61304835
, Gruener Fisch 2019, , Silberfisch 2021;61110052
, Gruener Fisch 2019, , Gruengoldfisch 2021;61310029
, Gruener Fisch 2019, , ;61303107
, Frischer Fisch 2019, Gruener Fisch 2020, Silberfisch 2021;61310171
, Gruener Fisch 2019, , ;61300042
, Silberfisch 2019, Silberfisch 2020, Frischer Fisch 2021;61303199
, Gruener Fisch 2019, , Gruener Fisch 2021;61303159
, Gruener Fisch 2019, Gruener Fisch 2020, Gruener Fisch 2021;61101723
, Gruener Fisch 2019, , ;61103380
, Silberfisch 2019, Silberfisch 2020, ;61210147
, Gruener Fisch 2019, , ;61130005
, Gruener Fisch 2019, , Gruener Fisch 2021;61303627
, Frischer Fisch 2019, , ;61290118
, Gruener Fisch 2019, , ;61303652
, Gruener Fisch 2019, , Gruener Fisch 2021;61303696
, Frischer Fisch 2019, Silberfisch 2020, Frischer Fisch 2021;61103230
, Gruener Fisch 2019, Silberfisch 2020, ;61103824
, Silberfisch 2019, , ;61104422
, Gruener Fisch 2019, , ;61303761
, Gruener Fisch 2019, Gruener Fisch 2020, Gruener Fisch 2021;61350204
, Gruener Fisch 2019, Gruener Fisch 2020, ;61260020
, Gruener Fisch 2019, Gruener Fisch 2020, Gruener Fisch 2021;61100473
, Gruener Fisch 2019, Gruener Fisch 2020, Gruengoldfisch 2021;61104397
, Frischer Fisch 2019, , ;61302563
, Silberfisch 2019, , ;61302871
, Silberfisch 2019, , ;61110035
, Silberfisch 2019, , ;61302945
, Silberfisch 2019, Gruener Fisch 2020, ;61200031
, Gruener Fisch 2019, Silberfisch 2020, Goldfisch 2021;61302487
, Frischer Fisch 2019, , ;61180148
, Gruener Fisch 2019, , Gruengoldfisch 2021;61302844
, Frischer Fisch 2019, Gruener Fisch 2020, ;61104245
, Gruener Fisch 2019, Gruener Fisch 2020, ;61160011
, Gruener Fisch 2019, Silberfisch 2020, Goldfisch 2021;61230239
, Gruener Fisch 2019, Gruener Fisch 2020, Gruener Fisch 2021;61306057
, Gruener Fisch 2019, , ;61230208
, Gruener Fisch 2019, Gruener Fisch 2020, Gruengoldfisch 2021;61220169
, Gruener Fisch 2019, , ;61306082
, Gruener Fisch 2019, , ;61104246
, Frischer Fisch 2019, , ;61180197
, Silberfisch 2019, Silberfisch 2020, ;61303710
, Frischer Fisch 2019, Gruener Fisch 2020, ;61102094
, Silberfisch 2019, , ;61104304
, Gruener Fisch 2019, , ;61303059
, Gruener Fisch 2019, Gruener Fisch 2020, ;61300006
, Gruener Fisch 2019, , ;61236560
, Gruener Fisch 2019, Gruener Fisch 2020, Gruener Fisch 2021;61306087
, Gruener Fisch 2019, , ;61250015
, Gruener Fisch 2019, Silberfisch 2020, ;61102987
, Silberfisch 2019, Silberfisch 2020, Gruener Fisch 2021;61350133
, Frischer Fisch 2019, Gruener Fisch 2020, Silberfisch 2021;61305900
, Frischer Fisch 2019, Frischer Fisch 2020, Gruengoldfisch 2021;61303300
, Goldfisch 2019, , ;61120100
, Gruener Fisch 2019, , ;61120272
, Frischer Fisch 2019, , ;61101208
, Gruener Fisch 2019, , ;61600448
, Gruener Fisch 2019, Gruener Fisch 2020, Gruener Fisch 2021;61230047
, Gruener Fisch 2019, , ;61350214
, Gruener Fisch 2019, , ;61304549
, Silberfisch 2019, , ;61236467
, Silberfisch 2019, , ;61320060
, Gruener Fisch 2019, , ;61236346
, Gruener Fisch 2019, , ;61110075
, Gruener Fisch 2019, , ;61236786
, Goldfisch 2019, Goldfisch 2020, ;61260025
, Gruener Fisch 2019, Gruener Fisch 2020, Silberfisch 2021;61300241
, Silberfisch 2019, , ;61633490
, Gruener Fisch 2019, , ;61303954
, Silberfisch 2019, Silberfisch 2020, Gruengoldfisch 2021;61300274
, Silberfisch 2019, Silberfisch 2020, ;61101295
, Gruener Fisch 2019, , ;61236348
, Gruener Fisch 2019, , ;61236484
, Gruener Fisch 2019, , Frischer Fisch 2021;61180046
, Frischer Fisch 2019, , ;61103090
, Silberfisch 2019, Gruener Fisch 2020, Silberfisch 2021;61110024
, Gruener Fisch 2019, Gruener Fisch 2020, ;61305582
, Gruener Fisch 2019, Frischer Fisch 2020, Silberfisch 2021;61305520
, Frischer Fisch 2019, , Frischer Fisch 2021;61330011
, Silberfisch 2019, , ;61350294
, Gruener Fisch 2019, Silberfisch 2020, ;61305548
, Gruener Fisch 2019, Frischer Fisch 2020, Frischer Fisch 2021;61330027
, Gruener Fisch 2019, , ;61305818
, Silberfisch 2019, Silberfisch 2020, ;61280132
, Gruener Fisch 2019, Silberfisch 2020, ;61305510
, Silberfisch 2019, Gruener Fisch 2020, ;61101314
, Frischer Fisch 2019, , ;61103669
, Gruener Fisch 2019, Silberfisch 2020, ;61104303
, Gruener Fisch 2019, , ;61302622
, Gruener Fisch 2019, , Silberfisch 2021;61310004
, Gruener Fisch 2019, , ;61302632
, Gruener Fisch 2019, , Gruener Fisch 2021;61302597
, Gruener Fisch 2019, Gruener Fisch 2020, ;61302021
, Silberfisch 2019, , ;61302030
, Gruener Fisch 2019, Gruener Fisch 2020, ;61101701
, Silberfisch 2019, , ;61103632
, Gruener Fisch 2019, , ;61237138
, Silberfisch 2019, , Silberfisch 2021;61140077
, Gruener Fisch 2019, Silberfisch 2020, Gruener Fisch 2021;61220146
, Silberfisch 2019, Gruener Fisch 2020, Silberfisch 2021;61310109
, Gruener Fisch 2019, , ;61230088
, Gruener Fisch 2019, , ;61100612
, Gruener Fisch 2019, , Silberfisch 2021;61305141
, Gruener Fisch 2019, , ;61180034
, Gruener Fisch 2019, Silberfisch 2020, ;61302921
, Gruener Fisch 2019, , ;61100197
, Gruener Fisch 2019, , Gruengoldfisch 2021;61101976
, Gruener Fisch 2019, , ;61320119
, Gruener Fisch 2019, , ;61120011
, Gruener Fisch 2019, , ;61280103
, Silberfisch 2019, , ;61230008
, Silberfisch 2019, Silberfisch 2020, Gruengoldfisch 2021;61100798
, Gruener Fisch 2019, , ;61302493
, Silberfisch 2019, Gruener Fisch 2020, Gruener Fisch 2021;61170006
, Frischer Fisch 2019, Silberfisch 2020, Frischer Fisch 2021;61102258
, Silberfisch 2019, Gruener Fisch 2020, Gruener Fisch 2021;61103916
, Gruener Fisch 2019, , ;61401105
, Gruener Fisch 2019, , ;61401149
, Frischer Fisch 2019, , ;61401181
, Silberfisch 2019, , ;61401357
, Gruener Fisch 2019, , ;61401651
, Frischer Fisch 2019, , ;61401706
, Gruener Fisch 2019, Frischer Fisch 2020, Gruener Fisch 2021;61401822
, Gruener Fisch 2019, Gruener Fisch 2020, Gruener Fisch 2021;61401853
, Gruener Fisch 2019, , Gruengoldfisch 2021;61401937
, Gruener Fisch 2019, , ;61402076
, Frischer Fisch 2019, , Silberfisch 2021;61402145
, Gruener Fisch 2019, , ;61402223
, Gruener Fisch 2019, Gruener Fisch 2020, ;61402340
, Gruener Fisch 2019, , ;61402427
, Frischer Fisch 2019, Frischer Fisch 2020, Frischer Fisch 2021;61402462
, Gruener Fisch 2019, , ;61402545
, Gruener Fisch 2019, Gruener Fisch 2020, ;61402582
, Frischer Fisch 2019, , ;61402663
, Gruener Fisch 2019, , ;61402894
, Frischer Fisch 2019, Frischer Fisch 2020, ;61402746
, Gruener Fisch 2019, , ;61402770
, Frischer Fisch 2019, Frischer Fisch 2020, Gruener Fisch 2021;61402775
, Gruener Fisch 2019, , ;61402778
, Gruener Fisch 2019, Gruener Fisch 2020, ;61402848
, Silberfisch 2019, , ;61402981
, Gruener Fisch 2019, Silberfisch 2020, Gruengoldfisch 2021;61402967
, Gruener Fisch 2019, Gruener Fisch 2020, ;61403032
, Frischer Fisch 2019, , ;61403034
, Gruener Fisch 2019, Silberfisch 2020, ;61403070
, Frischer Fisch 2019, , ;61403238
, Gruener Fisch 2019, , ;61403272
, Gruener Fisch 2019, , ;61403408
, Gruener Fisch 2019, , Silberfisch 2021;61403495
, Silberfisch 2019, , ;61403523
, Gruener Fisch 2019, , ;61403535
, Gruener Fisch 2019, , ;61403606
, Gruener Fisch 2019, , ;61403614
, Silberfisch 2019, Silberfisch 2020, Gruener Fisch 2021;61403648
, Frischer Fisch 2019, , ;61403649
, Frischer Fisch 2019, , ;61403654
, , Frischer Fisch 2020, Gruener Fisch 2021;61403754
, , Silberfisch 2020, ;61180151
, , Frischer Fisch 2020, Gruener Fisch 2021;61403886
, , Gruener Fisch 2020, ;61220019
, , Frischer Fisch 2020, Gruener Fisch 2021;61405374
, , Silberfisch 2020, ;61103035
, , Gruener Fisch 2020, ;61120159
, , Gruener Fisch 2020, ;61305726
, , Frischer Fisch 2020, Gruengoldfisch 2021;61403407
, , Silberfisch 2020, ;61150080
, , Frischer Fisch 2020, ;61103641
, , Silberfisch 2020, ;61401007
, , Frischer Fisch 2020, Silberfisch 2021;61404774
, , Gruener Fisch 2020, ;61120215
, , Gruener Fisch 2020, ;61310061
, , Gruener Fisch 2020, ;61405220
, , Frischer Fisch 2020, Gruener Fisch 2021;61405714
, , Gruener Fisch 2020, ;61103652
, , Silberfisch 2020, ;61160068
, , Gruener Fisch 2020, ;61350026
, , Frischer Fisch 2020, ;61404978
, , Silberfisch 2020, ;61304822
, , Frischer Fisch 2020, ;61405013
, , Gruener Fisch 2020, ;61310112
, , Gruener Fisch 2020, ;61100218
, , Frischer Fisch 2020, ;61103951
, , Silberfisch 2020, ;61102972
, , Gruener Fisch 2020, Goldfisch 2021;61290028
, , Silberfisch 2020, ;61220173
, , Gruener Fisch 2020, ;61404044
, , Silberfisch 2020, ;61103588
, , Frischer Fisch 2020, Frischer Fisch 2021;61104221
, , Hammerhai 2020, ;61180266
, , Hammerhai 2020, ;61290071
, , Hammerhai 2020, ;61402166
, , Frischer Fisch 2020, Frischer Fisch 2021;61403154
, , Hammerhai 2020, ;61403737
, , Hammerhai 2020, ;61403980
, , Hammerhai 2020, ;61404524
, , Frischer Fisch 2020, ;61404781
, , Hammerhai 2020, ;61404881
, , Hammerhai 2020, ;61404924
, , Hammerhai 2020, ;61404975
, , Hammerhai 2020, ;61405311
, , Hammerhai 2020, ;61402473
, , Hammerhai 2020, ;61100302
, , Frischer Fisch 2020, Frischer Fisch 2021;61100759
, , Frischer Fisch 2020, ;61100948
, , Hammerhai 2020, ;61101310
, , Hammerhai 2020, ;61102010
, , Hammerhai 2020, ;61102046
, , Hammerhai 2020, ;61102269
, , Hammerhai 2020, ;61102280
, , Hammerhai 2020, ;61102298
, , Frischer Fisch 2020, ;61102425
, , Hammerhai 2020, ;61103328
, , Hammerhai 2020, ;61103667
, , Hammerhai 2020, ;61103861
, , Hammerhai 2020, ;61103939
, , Hammerhai 2020, ;61103942
, , Hammerhai 2020, ;61104110
, , Hammerhai 2020, ;61104134
, , Hammerhai 2020, ;61110145
, , Hammerhai 2020, ;61110147
, , Hammerhai 2020, ;61110162
, , Silberfisch 2020, ;61160137
, , Hammerhai 2020, ;61170068
, , Hammerhai 2020, ;61170244
, , Hammerhai 2020, ;61240007
, , Frischer Fisch 2020, ;61260171
, , Hammerhai 2020, ;61302604
, , Hammerhai 2020, ;61303129
, , Frischer Fisch 2020, Frischer Fisch 2021;61303681
, , Frischer Fisch 2020, ;61304863
, , Frischer Fisch 2020, ;61305504
, , Frischer Fisch 2020, ;61305865
, , Frischer Fisch 2020, ;61350102
, , Hammerhai 2020, ;61401217
, , Hammerhai 2020, ;61401341
, , Hammerhai 2020, ;61401749
, , Hammerhai 2020, ;61402175
, , Hammerhai 2020, ;61402620
, , Hammerhai 2020, ;61403123
, , Frischer Fisch 2020, ;61403125
, , Frischer Fisch 2020, Frischer Fisch 2021;61403179
, , Hammerhai 2020, ;61403191
, , Hammerhai 2020, ;61403313
, , Hammerhai 2020, ;61403318
, , Hammerhai 2020, ;61403413
, , Hammerhai 2020, ;61403582
, , Silberfisch 2020, ;61403669
, , Hammerhai 2020, ;61403805
, , Hammerhai 2020, ;61403842
, , Hammerhai 2020, ;61403877
, , Hammerhai 2020, ;61403998
, , Hammerhai 2020, ;61404082
, , Frischer Fisch 2020, Frischer Fisch 2021;61404148
, , Hammerhai 2020, ;61404150
, , Frischer Fisch 2020, Frischer Fisch 2021;61404251
, , Hammerhai 2020, ;61404364
, , Hammerhai 2020, ;61404536
, , Frischer Fisch 2020, Frischer Fisch 2021;61404885
, , Hammerhai 2020, ;61405015
, , Hammerhai 2020, ;61405318
, , Frischer Fisch 2020, ;61609063
, , Frischer Fisch 2020, Frischer Fisch 2021;61615238
, , Frischer Fisch 2020, ;61405342
, , Hammerhai 2020, ;61304745
, , Hammerhai 2020, ;61307020
, , Gruener Fisch 2020, ;61404741
, , Frischer Fisch 2020, Frischer Fisch 2021;61405688
, , Frischer Fisch 2020, ;61405846
, , Frischer Fisch 2020, ;61405843
, , Frischer Fisch 2020, Frischer Fisch 2021;61101378
, , Frischer Fisch 2020, ;61404100
, , Hammerhai 2020, ;61404324
, , Frischer Fisch 2020, ;61405037
, , Hammerhai 2020, ;61405074
, , Frischer Fisch 2020, ;61405247
, , Frischer Fisch 2020, ;61405249
, , Gruener Fisch 2020, ;61404960
, , Gruener Fisch 2020, ;61405765
, , Frischer Fisch 2020, ;61101041
, , Frischer Fisch 2020, Frischer Fisch 2021;61302795
, , Frischer Fisch 2020, ;61302992
, , Frischer Fisch 2020, ;61405035
, , Frischer Fisch 2020, ;61405078
, , Frischer Fisch 2020, ;61403079
, , Frischer Fisch 2020, ;61404844
, , Frischer Fisch 2020, ;61104496
, , Frischer Fisch 2020, Silberfisch 2021;61120369
, , Frischer Fisch 2020, ;61140061
, , Frischer Fisch 2020, Frischer Fisch 2021;61302596
, , Frischer Fisch 2020, ;61401647
, , Hammerhai 2020, ;61402936
, , Frischer Fisch 2020, ;61402939
, , Frischer Fisch 2020, ;61403159
, , Frischer Fisch 2020, Silberfisch 2021;61404104
, , Frischer Fisch 2020, Frischer Fisch 2021;61404262
, , Frischer Fisch 2020, ;61404521
, , Silberfisch 2020, ;61404907
, , Gruener Fisch 2020, ;61404910
, , Frischer Fisch 2020, Silberfisch 2021;61404913
, , Gruener Fisch 2020, ;61404971
, , Frischer Fisch 2020, ;61405066
, , Frischer Fisch 2020, ;61405190
, , Hammerhai 2020, ;61405313
, , Gruener Fisch 2020, ;61405336
, , Silberfisch 2020, Silberfisch 2021;61405516
, , Frischer Fisch 2020, Silberfisch 2021;61303124
, , Frischer Fisch 2020, Frischer Fisch 2021;61402261
, , Frischer Fisch 2020, Gruener Fisch 2021;61404979
, , Frischer Fisch 2020, Silberfisch 2021;61405142
, , Frischer Fisch 2020, Silberfisch 2021;61405169
, , Frischer Fisch 2020, Silberfisch 2021;61405180
, , Frischer Fisch 2020, Gruener Fisch 2021;61405283
, , Frischer Fisch 2020, ;61405300
, , Frischer Fisch 2020, Frischer Fisch 2021;61405304
, , Frischer Fisch 2020, ;61405469
, , Frischer Fisch 2020, ;61405653
, , Gruener Fisch 2020, Silberfisch 2021;61405724
, , Frischer Fisch 2020, Silberfisch 2021;61405338
, , Frischer Fisch 2020, Gruener Fisch 2021;61405348
, , Frischer Fisch 2020, Frischer Fisch 2021;61280175
, , Frischer Fisch 2020, Frischer Fisch 2021;61350192
, , Frischer Fisch 2020, Goldfisch 2021;61615239
, , Frischer Fisch 2020, ;61633183
, , Frischer Fisch 2020, ;61102484
, , Frischer Fisch 2020, ;61120112
, , Frischer Fisch 2020, Frischer Fisch 2021;61170165
, , Frischer Fisch 2020, Silberfisch 2021;61260094
, , Frischer Fisch 2020, ;61300246
, , Frischer Fisch 2020, ;61305856
, , Silberfisch 2020, Frischer Fisch 2021;61401803
, , Silberfisch 2020, ;61402027
, , Frischer Fisch 2020, Frischer Fisch 2021;61403256
, , Frischer Fisch 2020, ;61404199
, , Frischer Fisch 2020, ;61404289
, , Frischer Fisch 2020, ;61404321
, , Frischer Fisch 2020, Silberfisch 2021;61404422
, , Frischer Fisch 2020, ;61404880
, , Frischer Fisch 2020, Silberfisch 2021;61404905
, , Frischer Fisch 2020, Gruener Fisch 2021;61405143
, , Frischer Fisch 2020, ;61405165
, , Gruener Fisch 2020, ;61102581
, , Frischer Fisch 2020, Gruengoldfisch 2021;61402592
, , Gruener Fisch 2020, ;61403590
, , Silberfisch 2020, ;61210576
, , Frischer Fisch 2020, ;61302707
, , Gruener Fisch 2020, ;61405028
, , Gruener Fisch 2020, Gruener Fisch 2021;61104159
, , Gruener Fisch 2020, ;61104139
, , Frischer Fisch 2020, ;61280059
, , Silberfisch 2020, ;61290130
, , Frischer Fisch 2020, ;61302492
, , Silberfisch 2020, ;61401440
, , Gruener Fisch 2020, ;61402381
, , Gruener Fisch 2020, Gruener Fisch 2021;61402384
, , Gruener Fisch 2020, Silberfisch 2021;61403375
, , Gruener Fisch 2020, ;61210228
, , Silberfisch 2020, ;61302193
, , Frischer Fisch 2020, ;61101303
, , Gruener Fisch 2020, ;61102148
, , Silberfisch 2020, ;61103662
, , Frischer Fisch 2020, ;61302186
, , Gruener Fisch 2020, ;61305450
, , Silberfisch 2020, Gruener Fisch 2021;61401686
, , Gruener Fisch 2020, ;61403168
, , Frischer Fisch 2020, Frischer Fisch 2021;61404510
, , Frischer Fisch 2020, Silberfisch 2021;61404983
, , Gruener Fisch 2020, ;61120079
, , Frischer Fisch 2020, ;61237502
, , Gruener Fisch 2020, Gruener Fisch 2021;61280019
, , Silberfisch 2020, ;61302036
, , Frischer Fisch 2020, Silberfisch 2021;61303414
, , Gruener Fisch 2020, ;61303953
, , Frischer Fisch 2020, ;61404168
, , Frischer Fisch 2020, ;61404313
, , Frischer Fisch 2020, ;61230117
, , Silberfisch 2020, ;61303304
, , Frischer Fisch 2020, ;61404594
, , Frischer Fisch 2020, Silberfisch 2021;61100298
, , Gruener Fisch 2020, ;61100750
, , Goldfisch 2020, ;61101830
, , Frischer Fisch 2020, Gruener Fisch 2021;61101992
, , Gruener Fisch 2020, ;61102172
, , Frischer Fisch 2020, Gruener Fisch 2021;61104477
, , Silberfisch 2020, ;61230169
, , Silberfisch 2020, ;61230191
, , Gruener Fisch 2020, ;61260099
, , Frischer Fisch 2020, ;61290142
, , Gruener Fisch 2020, ;61300007
, , Silberfisch 2020, ;61302675
, , Silberfisch 2020, ;61303317
, , Frischer Fisch 2020, Silberfisch 2021;61303700
, , Gruener Fisch 2020, ;61305190
, , Silberfisch 2020, ;61305347
, , Frischer Fisch 2020, Frischer Fisch 2021;61305708
, , Frischer Fisch 2020, ;61305847
, , Silberfisch 2020, ;61306035
, , Silberfisch 2020, ;61308011
, , Frischer Fisch 2020, ;61310011
, , Silberfisch 2020, ;61401529
, , Frischer Fisch 2020, ;61401776
, , Frischer Fisch 2020, ;61402405
, , Frischer Fisch 2020, ;61402554
, , Frischer Fisch 2020, ;61403126
, , Frischer Fisch 2020, Silberfisch 2021;61403304
, , Frischer Fisch 2020, ;61403338
, , Frischer Fisch 2020, ;61404818
, , Gruener Fisch 2020, ;61303697
, , Gruener Fisch 2020, Frischer Fisch 2021;61180275
, , Frischer Fisch 2020, Frischer Fisch 2021;61303439
, , Silberfisch 2020, Silberfisch 2021;61303812
, , Frischer Fisch 2020, Frischer Fisch 2021;61303944
, , Silberfisch 2020, Silberfisch 2021;61303982
, , Silberfisch 2020, Gruener Fisch 2021;61401223
, , Frischer Fisch 2020, ;61402415
, , Frischer Fisch 2020, ;61403529
, , Frischer Fisch 2020, ;61403753
, , Frischer Fisch 2020, ;61403930
, , Silberfisch 2020, Gruener Fisch 2021;61403972
, , Frischer Fisch 2020, ;61404360
, , Frischer Fisch 2020, ;61404388
, , Frischer Fisch 2020, ;61404886
, , Frischer Fisch 2020, Frischer Fisch 2021;61404993
, , Goldfisch 2020, Goldfisch 2021;61100465
, , Gruener Fisch 2020, Silberfisch 2021;61404500
, , Silberfisch 2020, Silberfisch 2021;61306086
, , Silberfisch 2020, Frischer Fisch 2021;61401518
, , Silberfisch 2020, Goldfisch 2021;61100099
, , Frischer Fisch 2020, ;61303793
, , Goldfisch 2020, ;61403291
, , Frischer Fisch 2020, Frischer Fisch 2021;61404999
, , Frischer Fisch 2020, Frischer Fisch 2021;61612119
, , Silberfisch 2020, Silberfisch 2021;61103057
, , Silberfisch 2020, ;61104377
, , Gruener Fisch 2020, ;61303113
, , Silberfisch 2020, ;61403918
, , Gruener Fisch 2020, ;61404686
, , Gruener Fisch 2020, ;61306060
, , Frischer Fisch 2020, ;61102196
, , Frischer Fisch 2020, ;61102349
, , Frischer Fisch 2020, ;61102609
, , Frischer Fisch 2020, ;61102815
, , Silberfisch 2020, ;61200030
, , Frischer Fisch 2020, ;61210143
, , Frischer Fisch 2020, ;61236646
, , Frischer Fisch 2020, ;61260154
, , Frischer Fisch 2020, ;61290815
, , Goldfisch 2020, Goldfisch 2021;61302532
, , Frischer Fisch 2020, ;61303108
, , Frischer Fisch 2020, Frischer Fisch 2021;61401187
, , Frischer Fisch 2020, Frischer Fisch 2021;61402060
, , Frischer Fisch 2020, ;61402372
, , Frischer Fisch 2020, ;61402748
, , Frischer Fisch 2020, ;61403292
, , Frischer Fisch 2020, Frischer Fisch 2021;61403484
, , Frischer Fisch 2020, ;61404305
, , Silberfisch 2020, ;61120212
, , Hammerhai 2020, ;61100261
, , Frischer Fisch 2020, ;61236776
, , Frischer Fisch 2020, ;61280177
, , Frischer Fisch 2020, ;61300010
, , Silberfisch 2020, ;61305331
, , Frischer Fisch 2020, ;61310160
, , Frischer Fisch 2020, Frischer Fisch 2021;61401946
, , Frischer Fisch 2020, ;61402025
, , , Silberfisch 2021;61403814
, , , Frischer Fisch 2021;61403927
, , , Goldfisch 2021;61403903
, , , Gruener Fisch 2021;61403999
, , , Gruengoldfisch 2021;61404027
, , , Frischer Fisch 2021;61404053
, , , Silberfisch 2021;61404068
, , , Frischer Fisch 2021;61404172
, , , Silberfisch 2021;61404174
, , , Frischer Fisch 2021;61404302
, , , Gruener Fisch 2021;61404370
, , , Frischer Fisch 2021;61404506
, , , Frischer Fisch 2021;61404539
, , , Frischer Fisch 2021;61404636
, , , Gruener Fisch 2021;61404641
, , , Frischer Fisch 2021;61404687
, , , Silberfisch 2021;61404751
, , , Frischer Fisch 2021;61404786
, , , Gruener Fisch 2021;61404788
, , , Gruener Fisch 2021;61404789
, , , Frischer Fisch 2021;61404800
, , , Silberfisch 2021;61404806
, , , Frischer Fisch 2021;61404972
, , , Frischer Fisch 2021;61405023
, , , Silberfisch 2021;61405280
, , , Gruener Fisch 2021;61405067
, , , Silberfisch 2021;61405082
, , , Gruengoldfisch 2021;61405139
, , , Gruengoldfisch 2021;61405145
, , , Frischer Fisch 2021;61405155
, , , Gruener Fisch 2021;61405195
, , , Silberfisch 2021;61405202
, , , Frischer Fisch 2021;61405203
, , , Frischer Fisch 2021;61405253
, , , Silberfisch 2021;61405309
, , , Frischer Fisch 2021;61405316
, , , Frischer Fisch 2021;61405317
, , , Frischer Fisch 2021;61405321
, , , Frischer Fisch 2021;61405358
, , , Silberfisch 2021;61405366
, , , Frischer Fisch 2021;61405401
, , , Silberfisch 2021;61405406
, , , Gruengoldfisch 2021;61405409
, , , Frischer Fisch 2021;61405414
, , , Silberfisch 2021;61405416
, , , Frischer Fisch 2021;61405420
, , , Frischer Fisch 2021;61405433
, , , Frischer Fisch 2021;61405444
, , , Gruengoldfisch 2021;61405448
, , , Frischer Fisch 2021;61405455
, , , Silberfisch 2021;61405486
, , , Frischer Fisch 2021;61405491
, , , Silberfisch 2021;61405523
, , , Silberfisch 2021;61405531
, , , Silberfisch 2021;61405545
, , , Silberfisch 2021;61405549
, , , Frischer Fisch 2021;61405559
, , , Frischer Fisch 2021;61405561
, , , Frischer Fisch 2021;61405569
, , , Silberfisch 2021;61405573
, , , Silberfisch 2021;61405586
, , , Gruener Fisch 2021;61405588
, , , Silberfisch 2021;61405601
, , , Frischer Fisch 2021;61405651
, , , Frischer Fisch 2021;61405660
, , , Gruengoldfisch 2021;61302444
, , , Gruener Fisch 2021;61210096
, , , Gruengoldfisch 2021;61210095
, , , Gruengoldfisch 2021;61210023
, , , Gruener Fisch 2021;61180018
, , , Gruener Fisch 2021;61101212
, , , Silberfisch 2021;61100354
, , , Gruengoldfisch 2021;61310148
, , , Gruengoldfisch 2021;61633487
, , , Silberfisch 2021;61100212
, , , Frischer Fisch 2021;61101313
, , , Silberfisch 2021;61102983
, , , Silberfisch 2021;61330004
, , , Silberfisch 2021;61290814
, , , Silberfisch 2021;61220088
, , , Silberfisch 2021;61236737
, , , Frischer Fisch 2021;61302783
, , , Frischer Fisch 2021;61290025
, , , Gruener Fisch 2021;61302934
, , , Gruengoldfisch 2021;61300269
, , , Gruener Fisch 2021;61260077
, , , Silberfisch 2021;61260063
, , , Silberfisch 2021;61210360
, , , Goldfisch 2021;61300247
, , , Gruengoldfisch 2021;61302909
, , , Gruengoldfisch 2021;61302998
, , , Frischer Fisch 2021;61240010
, , , Gruener Fisch 2021;61300004
, , , Frischer Fisch 2021;61302984
, , , Silberfisch 2021;61180462
, , , Silberfisch 2021;61101816
, , , Gruener Fisch 2021;61101970
, , , Silberfisch 2021;61103549
, , , Silberfisch 2021;61104114
, , , Gruener Fisch 2021;61303148
, , , Frischer Fisch 2021;61303182
, , , Frischer Fisch 2021;61303131
, , , Silberfisch 2021;61101399
, , , Silberfisch 2021;61300264
, , , Silberfisch 2021;61303647
, , , Silberfisch 2021;61260185
, , , Silberfisch 2021;61180161
, , , Gruengoldfisch 2021;61303631
, , , Gruener Fisch 2021;61236570
, , , Silberfisch 2021;61308838
, , , Gruengoldfisch 2021;61170110
, , , Frischer Fisch 2021;61236428
, , , Silberfisch 2021;61101743
, , , Gruengoldfisch 2021;61103452
, , , Silberfisch 2021;61627116
, , , Frischer Fisch 2021;61180182
, , , Gruengoldfisch 2021;61260148
, , , Gruener Fisch 2021;61306030
, , , Gruener Fisch 2021;61101840
, , , Silberfisch 2021;61303838
, , , Frischer Fisch 2021;61350057
, , , Frischer Fisch 2021;61303846
, , , Silberfisch 2021;61180196
, , , Gruengoldfisch 2021;61100251
, , , Goldfisch 2021;61210150
, , , Gruengoldfisch 2021;61102017
, , , Gruener Fisch 2021;61103169
, , , Gruener Fisch 2021;61104280
, , , Frischer Fisch 2021;61304800
, , , Frischer Fisch 2021;61305995
, , , Silberfisch 2021;61100680
, , , Frischer Fisch 2021;61103686
, , , Silberfisch 2021;61100861
, , , Frischer Fisch 2021;61160175
, , , Frischer Fisch 2021;61624235
, , , Frischer Fisch 2021;61303264
, , , Frischer Fisch 2021;61160094
, , , Silberfisch 2021;61303418
, , , Gruengoldfisch 2021;61303435
, , , Gruengoldfisch 2021;61110006
, , , Frischer Fisch 2021;61180186
, , , Silberfisch 2021;61303449
, , , Gruengoldfisch 2021;61180004
, , , Gruener Fisch 2021;61103956
, , , Frischer Fisch 2021;61104120
, , , Goldfisch 2021;61302744
, , , Gruener Fisch 2021;61160016
, , , Gruengoldfisch 2021;61110039
, , , Goldfisch 2021;61280088
, , , Gruener Fisch 2021;61304216
, , , Gruener Fisch 2021;61150040
, , , Frischer Fisch 2021;61290044
, , , Silberfisch 2021;61621186
, , , Gruener Fisch 2021;61220138
, , , Gruener Fisch 2021;61170031
, , , Silberfisch 2021;61102249
, , , Silberfisch 2021;61103376
, , , Silberfisch 2021;61103998
, , , Gruengoldfisch 2021;61104158
, , , Gruener Fisch 2021;61230107
, , , Frischer Fisch 2021;61305601
, , , Gruengoldfisch 2021;61305606
, , , Gruener Fisch 2021;61290072
, , , Gruengoldfisch 2021;61102114
, , , Gruengoldfisch 2021;61102454
, , , Frischer Fisch 2021;61280194
, , , Gruener Fisch 2021;61302528
, , , Silberfisch 2021;61302031
, , , Silberfisch 2021;61210204
, , , Silberfisch 2021;61220095
, , , Frischer Fisch 2021;61260205
, , , Silberfisch 2021;61236606
, , , Silberfisch 2021;61302589
, , , Frischer Fisch 2021;61630278
, , , Frischer Fisch 2021;61300100
, , , Gruener Fisch 2021;61100953
, , , Frischer Fisch 2021;61103064
, , , Frischer Fisch 2021;61104011
, , , Frischer Fisch 2021;61210382
, , , Silberfisch 2021;61180132
, , , Frischer Fisch 2021;61180190
, , , Gruener Fisch 2021;61302382
, , , Frischer Fisch 2021;61103441
, , , Frischer Fisch 2021;61140033
, , , Silberfisch 2021;61308846
, , , Gruengoldfisch 2021;61104432
, , , Frischer Fisch 2021;61401086
, , , Frischer Fisch 2021;61401133
, , , Gruener Fisch 2021;61401137
, , , Frischer Fisch 2021;61405680
, , , Silberfisch 2021;61405690
, , , Silberfisch 2021;61405696
, , , Frischer Fisch 2021;61405725
, , , Frischer Fisch 2021;61405728
, , , Frischer Fisch 2021;61405736
, , , Frischer Fisch 2021;61405768
, , , Frischer Fisch 2021;61405780
, , , Frischer Fisch 2021;61405798
, , , Frischer Fisch 2021;61405876
, , , Goldfisch 2021;61405881
, , , Frischer Fisch 2021;61405886
, , , Frischer Fisch 2021;61405893
, , , Frischer Fisch 2021;61405894
, , , Frischer Fisch 2021;61405905
, , , Frischer Fisch 2021;61405920
, , , Frischer Fisch 2021;61405934
, , , Frischer Fisch 2021;61405936
, , , Frischer Fisch 2021;61405949
, , , Frischer Fisch 2021;61405951
, , , Frischer Fisch 2021;61405965
, , , Frischer Fisch 2021;61405998
, , , Gruengoldfisch 2021;61406129
, , , Frischer Fisch 2021;61406149
, , , Frischer Fisch 2021;61406153
, , , Frischer Fisch 2021;61406227
, , , Silberfisch 2021;61406248
, , , Gruengoldfisch 2021;61406325
, , , Gruener Fisch 2021;61401189
, , , Silberfisch 2021;61401208
, , , Gruener Fisch 2021;61401326
, , , Gruengoldfisch 2021;61401390
, , , Gruener Fisch 2021;61401392
, , , Frischer Fisch 2021;61401396
, , , Gruengoldfisch 2021;61401415
, , , Silberfisch 2021;61401489
, , , Frischer Fisch 2021;61401494
, , , Frischer Fisch 2021;61401513
, , , Frischer Fisch 2021;61401764
, , , Gruener Fisch 2021;61401827
, , , Frischer Fisch 2021;61401848
, , , Gruener Fisch 2021;61402012
, , , Silberfisch 2021;61402014
, , , Silberfisch 2021;61402037
, , , Silberfisch 2021;61402118
, , , Silberfisch 2021;61402163
, , , Gruengoldfisch 2021;61402318
, , , Goldfisch 2021;61402324
, , , Silberfisch 2021;61402333
, , , Silberfisch 2021;61402362
, , , Frischer Fisch 2021;61402549
, , , Silberfisch 2021;61402943
, , , Frischer Fisch 2021;61402964
, , , Frischer Fisch 2021;61403021
, , , Silberfisch 2021;61403137
, , , Silberfisch 2021;61403202
, , , Silberfisch 2021;61403224
, , , Gruener Fisch 2021;61403247
, , , Silberfisch 2021;61403321
, , , Silberfisch 2021;61403483
, , , Frischer Fisch 2021;61403526
, , , Gruengoldfisch 2021;61403587
, , , Silberfisch 2021;61403627
, , , Silberfisch 2021;61403637
, , , Silberfisch 2021;61403668
